{"stats":{"minecraft:custom":{"minecraft:jump":46,"minecraft:time_since_rest":7260,"minecraft:damage_dealt":97,"minecraft:damage_taken":260,"minecraft:leave_game":2,"minecraft:time_since_death":7203,"minecraft:play_time":11493,"minecraft:sprint_one_cm":20018,"minecraft:walk_one_cm":7091,"minecraft:walk_on_water_one_cm":1620,"minecraft:deaths":1,"minecraft:sneak_time":508,"minecraft:total_world_time":11493,"minecraft:walk_under_water_one_cm":1500,"minecraft:mob_kills":1,"minecraft:fly_one_cm":180128,"minecraft:fall_one_cm":1591},"minecraft:mined":{"minecraft:grass":1},"minecraft:killed_by":{"minecraft:enderman":1},"minecraft:killed":{"minecraft:pig":1}},"DataVersion":3465}