{"stats":{"minecraft:dropped":{"minecraft:sand":1,"minecraft:stick":1},"minecraft:crafted":{"minecraft:wooden_sword":1,"minecraft:wooden_shovel":1,"minecraft:birch_planks":44,"minecraft:crafting_table":1,"minecraft:stick":8,"minecraft:wooden_pickaxe":1,"minecraft:wooden_axe":1},"minecraft:used":{"minecraft:wooden_sword":38,"minecraft:crafting_table":1,"minecraft:wooden_shovel":1},"minecraft:picked_up":{"minecraft:birch_log":11,"minecraft:crafting_table":1,"minecraft:stick":3,"minecraft:feather":8,"minecraft:chicken":7,"minecraft:rotten_flesh":6,"minecraft:sand":1,"minecraft:spider_eye":1,"minecraft:egg":3},"minecraft:custom":{"minecraft:time_since_rest":5965,"minecraft:crouch_one_cm":744,"minecraft:play_time":5965,"minecraft:sprint_one_cm":18583,"minecraft:damage_taken":85,"minecraft:walk_one_cm":21327,"minecraft:sneak_time":417,"minecraft:mob_kills":14,"minecraft:drop":2,"minecraft:jump":135,"minecraft:damage_dealt":1475,"minecraft:time_since_death":5965,"minecraft:walk_on_water_one_cm":268,"minecraft:total_world_time":5965,"minecraft:interact_with_crafting_table":4,"minecraft:fall_one_cm":962,"minecraft:fly_one_cm":24886},"minecraft:mined":{"minecraft:grass":3,"minecraft:sand":1,"minecraft:birch_log":11,"minecraft:birch_leaves":2,"minecraft:oak_leaves":1,"minecraft:crafting_table":1},"minecraft:killed":{"minecraft:spider":1,"minecraft:zombie":5,"minecraft:chicken":8}},"DataVersion":3465}